PROJECT_NAME;a name for this reference file
AUTHOR_OF_LAST_CHANGE;
VERSION_OF_REFERENCEFILE;1
TIMESTAMP_OF_LAST_CHANGE;
LIMITED_RESOURCES;
VERSION_OF_LAYOUT;2
# the next line is a comment too - the import is positional, column 6 onward is optional, and a blank one is silently defaulted
# keyname;device obj.-instance;object-name;object-type;object-instance;description;present-value-default;min-present-value;max-present-value;settable;supports COV;hi-limit;low-limit;state-text-reference;unit-code;vendor-specific-address;notification-class
AHU1_SAT;1001;AHU1_SupplyAirTemp;0;1;supply air temperature;21.5;-40;120;n;y;;;;64;;
AHU1_FAN_CMD;1001;AHU1_SupplyFanCmd;4;1;supply fan command;false;;;y;y;;;binary_active_inactive;95;;
AHU1_MODE;1001;AHU1_OccupancyMode;19;1;occupancy mode;Occupied;;;y;n;;;occupancy_modes;95;;
